0,123.42,130.73,111.87,127.9,136.09,135.68,127.56,88.564,91.513,51.101,92,96.145,151.09,134.3,139.1,122.13,127.46,162.73,144.75,122.71,110.05,111.75,118.75,133.62,123.87,78.913,112.06,114.22,105.73,149.76,93.719,92.93,140.17,82.798,136.39,85.889,114.69,156.58,82.672,112.71,123.12,127.2,113.11,107.8,106.19,147.76,150.1,97.702,133.87,134.92,101.44,98.461,86.945,130.34,143.17,150.18,81.078,72.244,108.63,126.08,132.88,120.66,120.52,158.71,85.944,129.86,158.98,112.39,154.67,133.86,143.53,132.26,110.8,144.11,102.95,112.41,168.34,113.32,101.22,94.648,128.48,122.67,99.512,121.01,127.84,129.62,127.76,126.9,117.74,108.58,92.034,104.74,85.584,143.21
123.42,0,154.95,117.01,145.73,133.62,153.05,149.06,128.31,107.27,125.34,150.15,94.941,104.1,94.867,83.489,154.56,124.82,55.402,140.81,102.69,121.36,112.51,95.715,128.33,124.72,136.64,120.8,152.43,129.67,109.03,89.47,79.63,115.28,153.23,134.06,118.18,91.009,48.007,96.316,77.912,100.57,57.065,161.73,77.29,133.77,96.226,124.93,116.89,76.96,66.243,137.78,110.85,62.749,92.579,135.68,129.83,108.99,131.17,61.663,128.33,103.33,149.4,119.72,152.61,101.64,97.35,115.21,128.44,130.39,131.19,74.72,104.04,147.6,100.81,113.34,91.432,137.68,111.44,139.79,137.9,107.42,77.578,139.29,151.56,75.425,117.55,124.74,135.96,153.71,119.38,150.13,122.08,98.989,140.97
130.73,154.95,0,155.67,130.17,123.71,124.95,109.71,81.629,129.61,152.35,125.73,116.78,124.48,94.102,100.31,88.69,134.7,157.74,120.63,114.9,126.08,92.376,138.19,87.405,86.577,182.76,118.38,141.66,96.101,163.77,143.78,165.76,82.078,151.56,118.29,84.012,189.44,114.02,81.816,166.54,76.305,144.6,165.84,113.58,151.86,137.31,133.09,136.03,154.32,113.11,137.37,121.52,97.087,87.661,95.737,110.31,103.89,75.632,100.41,127.13,111.12,146.45,97.468,68.461,178.66,118.59,67.933,122.84,168.94,158.76,89.479,115.88,95.701,94.051,93.528,154.16,108.09,153.04,126.29,177.3,148.04,112.15,134.3,100.71,138.02,91.186,185.06,90.654,116.76,125.42,140.23,151.57,117.26,136.41
111.87,117.01,155.67,0,116.9,151.85,184.85,102.22,129.42,100.88,110.37,156.86,142.35,81.336,103.04,95.342,115.22,147.99,86.989,79.505,88.692,79.877,114.42,142.75,94.661,120.45,95.612,96.686,157.27,78.949,153.22,89.728,132.28,123.09,112.28,88.728,141.61,75.815,114.9,103.58,107.53,114.65,93.215,125.98,127.17,94.659,137.35,134.39,94.84,92.657,145.88,143.89,94.02,140.48,118.03,81.33,119.14,111.17,76.356,188.33,120.55,124.28,125.14,128.14,109.15,133.38,132.59,163.36,115.16,140.05,124.37,86.208,132.18,123.17,103.75,122.75,104.2,127.84,106.15,92.805,107.01,104.51,112.27,94.231,105.77,107.2,132.89,163.01,150.83,96.388,128.41,104.29,117.57,111.87,107.64
127.9,145.73,130.17,116.9,0,116.08,106.74,103.61,136.21,142.48,86.849,73.361,122.15,106.98,126.12,125.98,150.61,128.88,111.58,60.762,145.42,102.08,156.64,109.87,126.08,158.9,141.77,106.67,97.091,76.729,140.8,128.36,115.44,105.34,139.45,106.71,118.67,132.99,144.36,173.34,125.53,111.33,129.37,125.93,93.158,129.66,141.99,97.404,143.12,160.51,111.08,124.62,107.36,100.45,150.43,63.478,107.55,169.13,163.8,110.79,185.85,132.23,114.39,110.42,150.74,135.25,155.01,66.518,57.861,92.582,121.32,92.236,121.28,113.92,109.49,148.77,149.03,152.4,91.234,81.385,144.51,77.893,174.1,124.52,103.12,98.415,117.21,91.056,88.703,121.02,125.6,131.36,153.1,93.968,157.28
136.09,133.62,123.71,151.85,116.08,0,130.92,75.24,98.482,110.18,113.07,151.14,111.03,155.02,124.68,133.05,85.671,148.53,165.3,112.16,120.62,131.46,96.316,126.62,89.682,112.44,153.32,90.255,125.77,113.31,168.87,146.41,123.31,190.18,116.58,117.18,78.924,135.3,104.39,117.5,157.34,135.47,117.98,88.984,103.55,119.25,192.12,118.04,125.6,109.72,113.83,89.378,119.66,98.123,140.76,113.27,112.09,71.494,100.95,152.21,106.23,133.67,93.895,105.79,108.04,135.88,143.16,91.993,136.43,121.03,157.89,133.27,103.76,149.27,146.18,157.41,103.82,99.535,126.8,118.08,98.21,144.03,100.21,82.95,107.06,125.41,137.14,168.02,137.35,127.92,162.86,138.53,122.03,125.86,103.58
135.68,153.05,124.95,184.85,106.74,130.92,0,134.81,168.03,104.82,118.14,89.143,126.23,102.74,87.101,118.23,120.8,153.11,129.33,129.75,67.567,134.06,66.618,124.26,79.432,128.83,137.12,104.21,160.67,146.31,111.33,119.57,138.22,92.639,118.09,142.86,117.14,176.16,135.48,120.09,106.6,153.22,120.08,122.42,106.97,89.836,110.96,101.58,112.99,129.52,109.26,155.33,87.195,130.33,127.28,140.71,158.82,76.302,151.94,125.5,129.43,136.92,136.89,173.14,105.8,134.55,116.85,117.03,150.85,135.79,71.834,131.25,100.25,135.72,113.42,141.7,89.821,152.25,164,123.03,151.35,70.616,173.66,92.402,118.44,142.28,104.08,121.58,133.63,101.97,103.85,157.41,156.2,111.41,96.235
127.56,149.06,109.71,102.22,103.61,75.24,134.81,0,148.08,119.83,129.14,107.73,129.77,53.802,134.94,88.021,79.69,121.37,164.29,172.22,130.23,127.61,153.52,143.85,158.75,129.02,109.6,117.11,94.913,150.44,146.12,89.752,88.391,109.72,142.42,151.04,159.5,134.24,149.44,142.5,122.81,155.01,179.72,55.759,132.18,89.619,117.82,144.12,109.86,125.82,141.24,111.94,130.74,89.682,148.76,123.21,70.554,127.63,148.6,123.68,113.87,123.94,146.34,116.93,163.19,105.63,114.39,88.874,106.5,127.95,106.42,99.134,110.99,124.98,118.87,120.74,91.414,94.931,69.709,110.87,118.64,94.924,110.61,109.22,140.05,74.518,112.5,114.48,72.097,120.28,136.99,139.51,134.87,92.309,173.11
88.564,128.31,81.629,129.42,136.21,98.482,168.03,148.08,0,120.96,116.01,165.9,111.38,114.06,175.95,129.67,103.39,78.07,101.58,146.49,143.31,139.17,114.55,106.52,56.325,130.32,97.663,131.84,78.817,138.91,93.131,100.18,121.9,155.07,96.667,106.1,151.12,122.9,170.7,97.565,94.938,71.7,83.586,172.04,133.38,53.033,119.59,116.89,72.432,112.67,98.258,105.09,109.32,85.536,146.82,149.63,100.26,151.46,136.87,135.11,126.52,103.2,135.26,139.19,191.69,134.87,98.033,149.6,119.5,154.07,122.38,120.82,120.74,167.71,118.7,128.35,127.78,98.674,105.95,175.45,141.78,183.83,124.96,150.75,100.38,116.23,150.03,148.98,119.02,137.27,120.34,107.99,162.67,130.91,124.58
91.513,107.27,129.61,100.88,142.48,110.18,104.82,119.83,120.96,0,99.66,114.55,117.09,109.73,144.57,134.4,148.66,128.27,114.85,80.621,106.52,116.8,128.39,133.04,84.423,116.82,164.54,134.03,71.074,116.77,103.32,102.29,132.19,101,138.54,120.19,87.711,140.74,102.04,136.05,98.579,158.48,150.04,136.67,132.71,96.134,124.5,125.88,144.98,97.835,141.67,99.433,107.19,110.17,106.28,80.733,113,102.99,117.5,149.71,144.21,160.56,146.15,169.5,182.98,165.06,130.17,124.73,80.997,106.85,98.433,139.49,149.56,171.34,100.94,140.64,118.97,108.4,141.13,111.91,124.47,115.34,154.17,119.65,105.27,109.08,95.959,95.548,155.83,114.88,121.57,124.03,114.26,142.89,118.27
51.101,125.34,152.35,110.37,86.849,113.07,118.14,129.14,116.01,99.66,0,130.87,155.79,116.7,119.27,97.079,115.69,153.54,99.652,158.78,90.518,141.94,124.28,86.172,107.32,148.2,131.94,137.56,72.447,135.75,137.67,181.67,89.392,116.3,155.82,148.24,84.844,143.23,70.145,123.59,132.16,145.36,139.47,131.61,120.39,152.5,97.146,131.54,106.67,159.21,172.1,150.57,49.573,105.59,121.33,120.34,174.81,106.33,138.79,150.44,145.9,107.31,127.61,108.15,158.77,125.49,133.67,127.02,111.65,156.01,105.76,147.25,79.643,91.5,125.6,118.28,173.09,124.77,124.12,79.742,124.91,169.7,166.37,88.872,131.99,94.232,165.04,121.65,64.88,96.826,148.61,84.715,141.77,135.71,86.507
92,150.15,125.73,156.86,73.361,151.14,89.143,107.73,165.9,114.55,130.87,0,139.46,112.66,138.73,77.949,104.77,141.28,124.36,95.172,86.604,113.32,104.79,99.853,71.498,136.78,136.55,142.91,129.07,140.19,68.692,139.41,150.81,100.31,142.27,140.96,103.39,170.67,138,105.46,107.31,108.18,96.847,105.74,114.38,132.97,115.92,148.39,153.64,104.51,119.18,124.99,172.77,95.879,88.147,133.91,141.13,98.012,95.395,127.02,150.7,87.65,126.54,180.93,69.056,107.72,95.836,145.73,116.11,157.69,181.04,117.9,126.49,111.27,97.968,140.49,159.58,81.579,122.98,71.31,145.8,94.737,152.52,148.2,122.23,49.943,119.64,79.085,108.6,91.073,95.788,104.72,132.73,136.14,85.467
96.145,94.941,116.78,142.35,122.15,111.03,126.23,129.77,111.38,117.09,155.79,139.46,0,159.75,128.8,154.36,147.48,119.31,128.54,134.13,178.65,109.13,137.08,113.7,83.538,127.1,112.7,151.61,58.978,168.79,112.52,77.082,111.93,145.31,171.29,168.97,158.92,141.23,141.19,124.19,147.39,72.628,98.706,88.196,102.89,45.838,118.21,78.589,83.951,142.19,101.74,150.75,133.13,99.426,131.33,122.54,111.72,161.05,112.72,105.32,138.04,67.682,127.6,133.79,106.14,141.16,64.294,146.84,156.83,103.9,115.63,138.7,116.77,114.91,148.92,104.44,140.74,132.89,87.694,71.123,148.75,150.18,132.47,127.16,151.49,90.642,98.578,104.17,145.64,160.45,155.56,153.94,106.45,126.23,72.244
151.09,104.1,124.48,81.336,106.98,155.02,102.74,53.802,114.06,109.73,116.7,112.66,159.75,0,78.152,116.23,135.42,112.89,126.79,76.735,126.27,117.96,127.01,114.65,112.73,138.52,110.06,90.425,94.403,144.84,123.95,93.748,64.203,82.98,124.49,104.44,147.25,146.31,179.28,124.35,148.5,92.428,134,84.382,173.18,153.82,129.23,125.84,136.05,182.46,119.97,94.145,81.261,51.05,176.17,149.39,146.51,151.54,129.41,93.794,113.81,101.76,118.37,137.68,106.87,91.118,111.68,159.25,72.152,144.22,99.742,139.58,82.619,101.66,64.224,127.35,98.423,121.66,162.47,151.37,161.38,93.091,62.663,147.52,87.772,83.427,128.09,155.01,112,135.77,57.424,87.261,121.2,166.48,129.19
134.3,94.867,94.102,103.04,126.12,124.68,87.101,134.94,175.95,144.57,119.27,138.73,128.8,78.152,0,97.872,116.22,138.9,170.78,143.29,115.13,106.67,161.74,136.92,84.334,110.35,82.973,169.95,108.24,106.48,112.34,123.2,157.84,126.81,62.024,160.74,155.7,152.06,117.06,152.12,130.15,87.071,107.76,140.18,133.91,86.081,112.84,86.397,86.004,85.977,123.84,118.09,118.39,153.55,115.62,93.796,89.027,46.278,177.19,99.714,139.95,161.45,136.31,177.39,134.11,159.06,105.62,141.1,103.14,130.42,135.02,130.16,99.186,118.22,119.2,167.12,136.2,64.242,119.5,122.92,107.48,87.776,136.45,151.62,112.31,76.69,90.593,116.08,101.13,89.982,140.48,83.94,161.78,113.81,98.519
139.1,83.489,100.31,95.342,125.98,133.05,118.23,88.021,129.67,134.4,97.079,77.949,154.36,116.23,97.872,0,103.46,154.23,124.82,124.98,79.146,127.92,128.75,136.77,147.52,97.83,130.73,140.31,66.375,127.17,94.059,140.76,139.1,119.35,82.518,91.903,107.03,166.13,163.02,128.72,68.289,137.46,173.47,129.03,88.982,140.5,138.93,158.04,121,146.87,87.398,71.589,92.016,132.98,124.13,53.406,122,132.51,131.69,107.77,89.923,95.136,74.494,113.68,133.7,122.54,108.76,142.97,94.26,117.65,95.22,100.33,110.68,77.469,148.46,105.87,127.1,116.26,120.24,90.004,112.29,104.81,144.24,77.313,131.02,153.44,117.71,167.71,117.96,52.162,105.16,162.76,133.15,112.03,85.841
122.13,154.56,88.69,115.22,150.61,85.671,120.8,79.69,103.39,148.66,115.69,104.77,147.48,135.42,116.22,103.46,0,93.703,115.55,95.162,84.162,143.63,130.85,143.45,124,151.65,161.29,87.796,127.97,140.13,109.07,133.67,65.271,72.561,125.85,114.1,115.78,132.04,140.19,97.479,134.95,129.43,144.86,140.71,171.95,153.69,84.72,76.718,129.42,78.594,152.34,169.5,93.325,79.91,117.11,132.5,96.666,86.752,119.45,169.61,114.93,77.695,137.25,124.65,98.772,128.67,137.82,129.12,128.56,137.73,139.09,133.21,152.22,107.94,125.03,131.31,133.24,88.485,52.49,99.359,139.74,155.35,178.35,148.68,118.18,110.14,144.41,107.21,83.738,151.5,64.841,72.639,103.42,126.11,133.55
127.46,124.82,134.7,147.99,128.88,148.53,153.11,121.37,78.07,128.27,153.54,141.28,119.31,112.89,138.9,154.23,93.703,0,79.785,103.78,133.67,154.32,113.63,56.584,100.74,157.89,148.1,71.42,47.476,81.532,159.75,151.53,159.91,126.06,136.22,125.33,155.64,59.794,106.7,161.23,119.39,89.327,144.71,124.12,102.68,108.68,101.71,131.49,80.126,118,194.57,111.31,71.602,126.46,110.09,116.52,74.459,117.8,123.94,91.903,108.68,74.56,176.98,129.68,91.784,106.01,148.68,149.6,94.733,117.6,102.22,101.51,140.66,80.942,92.745,115.66,128.5,92.191,99.576,169.8,108.3,181.45,107.81,158.3,140.92,86.372,124.33,84.826,100.32,154.89,96.341,98.59,156.66,167.35,120.84
162.73,55.402,157.74,86.989,111.58,165.3,129.33,164.29,101.58,114.85,99.652,124.36,128.54,126.79,170.78,124.82,115.55,79.785,0,155.97,89.756,80.821,138.21,141.3,156.31,145.55,158.79,161.97,156.47,147.06,145.51,114.71,139.16,158.31,158.63,152.37,106.76,140.13,125.77,122.27,160.24,116.93,173.14,118.62,114.68,119.77,76.413,107.93,98.197,120.92,140.31,95.364,114.75,166.18,130.84,123.03,113.4,98.435,65.256,123.7,97.703,96.923,151.59,141.95,134.11,142.92,143.88,110.98,118.67,115.37,117.25,138.18,125.69,98.754,137.47,91.565,119.96,144.49,117.87,115.6,111.4,110.32,70.151,100.65,140.4,157.88,123.66,121.43,124.66,153.99,112.8,99.44,125.66,114.16,117.75
144.75,140.81,120.63,79.505,60.762,112.16,129.75,172.22,146.49,80.621,158.78,95.172,134.13,76.735,143.29,124.98,95.162,103.78,155.97,0,136.47,75.196,122.81,176.14,80.735,101.03,133.87,93.241,87.89,75.567,111.05,151.7,120.23,145.3,150.05,100.8,123.01,93.881,122.07,89.945,174.11,106.3,87.932,168.34,122.65,111.6,68.2,71.189,129.01,91.863,143.08,155.4,82.501,101.22,87.608,104.75,158.97,146.45,115.64,95.056,151.91,149.76,80.343,92.285,134.03,73.626,93.016,129.47,149.14,84.136,118.44,82.832,142.93,86.632,118.5,127.39,111.67,96.985,137.69,109.88,112.3,96.493,143.5,140.85,89.828,108.71,121.12,127.8,160.56,121.26,106.96,123.1,71.239,141.21,178.21
122.71,102.69,114.9,88.692,145.42,120.62,67.567,130.23,143.31,106.52,90.518,86.604,178.65,126.27,115.13,79.146,84.162,133.67,89.756,136.47,0,140.82,153.38,151.56,112.13,111.28,142.38,105.44,91.136,138.28,116.48,90.469,100.62,124.09,90.144,174.35,82.456,124.46,190.25,124.43,137.07,108.95,96.689,124.45,148.83,154.16,91.78,133.23,125.78,123.83,124.95,145.06,121.99,111.64,150.15,109.08,98.367,107.72,109.35,129.71,156.74,86.389,94.388,118.67,101.23,162.34,161.49,168.96,137.57,96.889,103.37,93.36,100.88,131.64,136.95,101.57,99.82,118.66,115.1,133.53,88.114,121.18,116.32,68.021,152.85,109.07,144.53,165.79,77.582,99.54,137.88,117.28,121.3,106.53,98.795
110.05,121.36,126.08,79.877,102.08,131.46,134.06,127.61,139.17,116.8,141.94,113.32,109.13,117.96,106.67,127.92,143.63,154.32,80.821,75.196,140.82,0,100.87,113.27,85.282,118.34,132.43,124.36,61.884,124.14,101.71,159.52,142.47,138.41,79.355,120.92,113.89,121.6,114.83,119.03,142.4,115.84,93.222,72.233,138.46,118.41,163.48,102.32,103.63,126.97,97.637,101.85,152.87,138.08,64.222,103.36,146.88,75.009,149.26,123.34,127.95,112.37,94.32,117.53,121.3,92.868,83.186,66.649,92.849,100.24,145.72,109.38,95.62,51.775,88.622,166.92,89.398,111.06,96.857,99.619,195.62,170.09,120.99,64.565,187.15,122.37,114.45,185.06,132.47,102.36,125.38,158.13,131.73,75.973,108.49
111.75,112.51,92.376,114.42,156.64,96.316,66.618,153.52,114.55,128.39,124.28,104.79,137.08,127.01,161.74,128.75,130.85,113.63,138.21,122.81,153.38,100.87,0,126.5,101.4,156.49,123.21,84.885,70.771,91.791,96.009,107.12,119.06,108.15,148.8,68.793,104.98,176.59,152.67,165.19,148.52,107.72,103.54,54.68,145.37,160.84,64.997,144.82,77.733,123.74,141.87,119.8,150.62,116.19,84.429,117.93,83.393,64.194,129.36,120.78,120.84,95.817,84.378,158.95,153.11,65.751,123.2,121.88,137.69,97.377,128.87,142.15,98.01,137.78,154.15,171.34,128.73,116.96,171.41,104.46,129.52,112.63,71.761,110.85,110.47,93.68,130.62,93.006,81.954,153.58,78.091,150.24,103.56,120,149.06
118.75,95.715,138.19,142.75,109.87,126.62,124.26,143.85,106.52,133.04,86.172,99.853,113.7,114.65,136.92,136.77,143.45,56.584,141.3,176.14,151.56,113.27,126.5,0,103.69,132.02,169.7,139.65,125.71,82.767,159.77,141.18,110.26,112.16,131.71,56.088,150.61,130.01,91.11,171.75,125.53,86.63,108.86,132.46,135.52,132.84,131.73,115.9,140.93,128.06,69.974,104.78,89.658,131.93,122.92,84.15,119.51,106.37,119.66,148.72,123.67,124.05,100.11,118.3,103.78,107.08,145.53,157.08,154.28,157.03,144.44,133.73,132.84,89.274,80.35,133.27,95.477,110.5,119.37,99.627,101.04,119.09,90.489,76.452,60.466,121.17,143.02,147.79,124.36,159.76,119.9,98.43,149.91,107.44,110.73
133.62,128.33,87.405,94.661,126.08,89.682,79.432,158.75,56.325,84.423,107.32,71.498,83.538,112.73,84.334,147.52,124,100.74,156.31,80.735,112.13,85.282,101.4,103.69,0,108.9,137.12,123.7,109.76,153.82,115.82,159.04,114.15,95.469,182.8,135.13,77.408,151.73,153.41,168.65,85.069,159.2,107.2,153.13,147,138.31,101.46,72.6,99.029,107.89,150.82,89.364,108.61,124.3,133.3,157.36,172.77,91.671,97.7,124.2,180.08,165.15,168.86,101.76,106.61,124.13,124.78,65.864,111.48,130.57,105.92,114.01,143.54,124.54,96.489,162.44,124.61,144.88,190.99,122.07,103.94,101.77,76.316,138.32,121.8,146.9,119.42,128.62,107.94,147.94,161.4,80.707,166.27,127.4,94.08
123.87,124.72,86.577,120.45,158.9,112.44,128.83,129.02,130.32,116.82,148.2,136.78,127.1,138.52,110.35,97.83,151.65,157.89,145.55,101.03,111.28,118.34,156.49,132.02,108.9,0,135.6,87.819,138.37,116.85,140.36,118.21,173.67,145.85,94.467,90.481,116.8,147.14,170.19,136.04,139.3,127.16,89.079,125.65,97.656,149.13,118.2,132.3,122.93,83.63,147.77,137.68,122.26,133.06,151.82,111.45,80.843,114.08,87.839,129.86,95.991,105.75,101.95,152.22,89.316,90.689,110.59,149.95,127.6,108.7,91.899,119.27,147.6,168.73,109.23,171.31,104.54,157.15,122.62,135.24,133,150.3,131.88,169.47,164.33,111.66,97.581,141.9,54.449,155.39,78.48,132.19,101.68,107,76.877
78.913,136.64,182.76,95.612,141.77,153.32,137.12,109.6,97.663,164.54,131.94,136.55,112.7,110.06,82.973,130.73,161.29,148.1,158.79,133.87,142.38,132.43,123.21,169.7,137.12,135.6,0,101.72,135.89,101.54,85.644,107.89,85.791,117.26,104,123.64,81.095,87.529,149.79,148.35,96.817,95.962,123.38,132.53,158.1,176.48,142.83,114.84,110.88,114.73,168.76,113.35,149.2,128.24,137.88,150.29,123.51,98.174,94.698,95.058,117.2,136.1,115.69,168.62,133.26,105.41,124.47,100.31,94.029,110.04,119.15,79.671,127.72,170.65,140.89,109.73,120.94,176.39,155.67,128.98,125.31,138.07,126.51,89.987,182.16,153.07,71.702,111.13,131.93,127.98,156.44,131.38,102.36,142.9,152.56
112.06,120.8,118.38,96.686,106.67,90.255,104.21,117.11,131.84,134.03,137.56,142.91,151.61,90.425,169.95,140.31,87.796,71.42,161.97,93.241,105.44,124.36,84.885,139.65,123.7,87.819,101.72,0,133.99,116.47,85.332,146.39,135.47,128.01,85.035,116.05,137.67,148.4,138.44,174.31,144.29,154.81,143.48,126.72,183.11,77.222,106.98,120.38,138.73,100.23,172.09,120.64,155.82,83.731,148.25,121.74,148.65,88.424,80.868,88.093,136.6,85.618,70.632,108.75,101.34,117.43,136.07,129.41,146.02,122.83,95.14,142.86,122.57,113.83,78.636,115.44,99.22,144.66,95.965,114.3,115.77,62.628,122.33,126.63,147.97,112.5,150.73,69.333,120.09,158.45,99.353,105.09,95.627,109.84,96.822
114.22,152.43,141.66,157.27,97.091,125.77,160.67,94.913,78.817,71.074,72.447,129.07,58.978,94.403,108.24,66.375,127.97,47.476,156.47,87.89,91.136,61.884,70.771,125.71,109.76,138.37,135.89,133.99,0,87.075,150.6,91.248,94.254,142.8,171.59,144.72,72.281,136.65,79.075,115.32,111.44,118.42,142.73,154.83,139.19,155.71,116.68,89.995,81.514,90.707,99.008,104.31,128.86,116.78,94.186,130.44,147.79,125.79,112.05,150.12,177.35,82.459,101.13,71.913,173.35,118.28,67.382,127.75,141.78,116.19,143.96,189.76,124.37,79.344,118.9,150.65,96.278,99.456,126.02,122.64,125.24,148.82,99.622,147.09,149.88,84.916,62.883,168.99,133.5,123.22,98.519,125.11,81.119,80.082,176.1
105.73,129.67,96.101,78.949,76.729,113.31,146.31,150.44,138.91,116.77,135.75,140.19,168.79,144.84,106.48,127.17,140.13,81.532,147.06,75.567,138.28,124.14,91.791,82.767,153.82,116.85,101.54,116.47,87.075,0,112.05,172.48,103.85,148.7,69.484,61.028,166.06,179.49,132.31,139.36,76.502,94.761,120.48,137.33,100.86,117.26,133.61,120.71,72.964,87.929,159.5,78.354,111.95,95.501,112.22,106.26,110.5,139.3,177.99,85.952,111.95,82.31,158.75,132.92,126.51,143.59,121.53,88.005,163.54,94.14,112.55,106.25,96.189,127.79,92.168,103.09,116.14,147.27,141.95,130.75,117.55,154.81,115.87,134.28,129.19,112.08,148.54,170.59,90.408,143.85,146.72,111.78,124.07,93.639,82.314
149.76,109.03,163.77,153.22,140.8,168.87,111.33,146.12,93.131,103.32,137.67,68.692,112.52,123.95,112.34,94.059,109.07,159.75,145.51,111.05,116.48,101.71,96.009,159.77,115.82,140.36,85.644,85.332,150.6,112.05,0,81.607,113.4,136.32,127.46,98.212,103.02,101.79,135.62,141.82,125.49,113.25,78.204,158.14,110.23,149.38,156.7,150.23,98.138,183.39,194.9,112.27,86.945,137.11,125.88,138.84,137.89,138.47,87.551,132.05,159.82,165.53,110.04,155.08,117.66,109.36,113.36,155.52,136.38,80.46,132.06,130.32,177.57,124.31,131.2,110.74,61.998,141.76,132.7,154.32,101.96,98.98,144.33,135.15,80.279,69.271,152.81,120.93,82.492,169.22,145.05,84.555,162.41,111.2,123.03
93.719,89.47,143.78,89.728,128.36,146.41,119.57,89.752,100.18,102.29,181.67,139.41,77.082,93.748,123.2,140.76,133.67,151.53,114.71,151.7,90.469,159.52,107.12,141.18,159.04,118.21,107.89,146.39,91.248,172.48,81.607,0,109.68,62.686,116.21,90.723,131.62,54.024,92.775,149.59,167.32,137.57,118.71,73.93,172.71,116.11,110.86,66.821,147.07,110.7,92.847,92.274,88.579,91.158,143.54,115.43,131.46,116.93,121.16,71.278,150.67,136.7,131.19,95.998,135.42,163.66,124.26,135.62,139.62,120.13,163.29,96.67,112.94,100.84,164.05,82.77,98.585,197.31,126.78,112.85,140.18,130.27,138.89,104.3,123.37,59.916,112.24,95.828,104.42,132.89,133.05,106.97,127.12,88.074,150.45
92.93,79.63,165.76,132.28,115.44,123.31,138.22,88.391,121.9,132.19,89.392,150.81,111.93,64.203,157.84,139.1,65.271,159.91,139.16,120.23,100.62,142.47,119.06,110.26,114.15,173.67,85.791,135.47,94.254,103.85,113.4,109.68,0,127.29,146.47,107.27,109.11,105.91,161.53,150.77,177.06,129.23,106.58,91.967,102.21,124.99,105.85,163.35,145.06,130.37,121.92,141.1,133.37,153.77,87.137,92.904,132.42,112.36,160.02,104.97,92.484,110.86,96.797,131.13,109.07,119.82,153.77,134.2,150.12,83.599,92.87,109.56,147.57,157.15,107.57,124.76,149.26,124.89,88.622,122.21,98.175,76.444,133.22,162.56,124.75,137.34,150.02,114.2,157.65,105.19,170.74,118.18,137.92,170.92,116.35
140.17,115.28,82.078,123.09,105.34,190.18,92.639,109.72,155.07,101,116.3,100.31,145.31,82.98,126.81,119.35,72.561,126.06,158.31,145.3,124.09,138.41,108.15,112.16,95.469,145.85,117.26,128.01,142.8,148.7,136.32,62.686,127.29,0,99.444,108.35,87.445,98.083,157.81,123.72,142.84,165.95,76.226,150.92,63.313,81.695,163.14,114.14,128.79,100.1,143.4,142.31,117.51,51.26,86.41,79.865,157.86,113.49,133.02,142.02,93.793,127.14,156.71,112.21,138.42,99.826,71.185,111.21,142.7,114.73,104.28,114.74,150.52,160.23,112.18,145.08,73.02,153.38,104.33,97.758,144.9,139.83,112.58,148.63,78.466,145.13,143.91,119.33,126.18,114.63,133.68,142.94,129.44,93.733,113.28
82.798,153.23,151.56,112.28,139.45,116.58,118.09,142.42,96.667,138.54,155.82,142.27,171.29,124.49,62.024,82.518,125.85,136.22,158.63,150.05,90.144,79.355,148.8,131.71,182.8,94.467,104,85.035,171.59,69.484,127.46,116.21,146.47,99.444,0,120.05,75.734,139.69,66.849,105.88,106.99,128.79,95.078,124.25,146.69,127.59,147.22,75.492,152.44,147.78,79.729,133.83,168.12,149.42,144.21,145.12,167.3,85.252,125.92,85.425,101.04,112.51,107.44,146.32,115.35,133.68,149.36,93.191,142.19,159.48,94.625,104.56,112.93,135.62,115.24,50.273,140.28,94.316,134.14,70.757,109.79,73.473,192.33,106.93,92.452,136.28,146.99,119.82,131.46,111.78,111.48,128.16,176.74,116.88,94.817
136.39,134.06,118.29,88.728,106.71,117.18,142.86,151.04,106.1,120.19,148.24,140.96,168.97,104.44,160.74,91.903,114.1,125.33,152.37,100.8,174.35,120.92,68.793,56.088,135.13,90.481,123.64,116.05,144.72,61.028,98.212,90.723,107.27,108.35,120.05,0,138.78,133.09,106.62,125.76,113.75,147.72,72.649,103.01,163.5,90.362,143.19,113.96,156.09,141.45,88.608,111.04,88.098,145.75,134.95,136.61,138.21,91.368,100.83,107.46,128.5,103.27,89.191,85.041,59.393,130.51,72.079,95.621,171.38,151.2,138.84,147.4,126.62,134.49,76.988,107.17,152.04,105.28,104.9,130.38,139.41,81.894,89.325,141.86,116.02,130.44,198.24,59.37,133.13,105.26,132.28,180.56,160.91,106.38,85.004
85.889,118.18,84.012,141.61,118.67,78.924,117.14,159.5,151.12,87.711,84.844,103.39,158.92,147.25,155.7,107.03,115.78,155.64,106.76,123.01,82.456,113.89,104.98,150.61,77.408,116.8,81.095,137.67,72.281,166.06,103.02,131.62,109.11,87.445,75.734,138.78,0,85.593,152.97,134.73,101.17,171.06,134.2,149.7,141.46,117.13,117.94,116.24,105.18,143.12,131.88,180.12,103.27,131.46,141.66,125.87,71.773,166.01,138.51,115.77,131.74,151.14,123.62,139.83,112.71,119.57,135.83,116.36,167.65,162.74,100.4,146.16,124.98,74.273,132.18,121.21,133.81,147.3,149.91,102,115.67,118.82,83.157,67.306,125.42,77.452,119.82,143.09,89.723,68.157,162.78,117.28,73.76,148,121.28
114.69,91.009,189.44,75.815,132.99,135.3,176.16,134.24,122.9,140.74,143.23,170.67,141.23,146.31,152.06,166.13,132.04,59.794,140.13,93.881,124.46,121.6,176.59,130.01,151.73,147.14,87.529,148.4,136.65,179.49,101.79,54.024,105.91,98.083,139.69,133.09,85.593,0,119.32,113.11,89.719,127.16,153.72,136.17,139.78,133.26,80.784,108.54,132.49,102.88,55.304,148.28,130.88,129.43,130.68,128.75,134.42,106.14,132.19,168.18,78.707,117.29,95.142,131.39,132.81,136.33,108.67,142.27,69.872,146.96,155.61,68.15,97.774,101.87,82.528,99.364,108.73,90.959,84.8,123.79,153.16,101.53,125.64,97.989,60.174,150.49,125.05,127.25,127.43,143.9,80.763,142.19,167.71,76.57,95.331
156.58,48.007,114.02,114.9,144.36,104.39,135.48,149.44,170.7,102.04,70.145,138,141.19,179.28,117.06,163.02,140.19,106.7,125.77,122.07,190.25,114.83,152.67,91.11,153.41,170.19,149.79,138.44,79.075,132.31,135.62,92.775,161.53,157.81,66.849,106.62,152.97,119.32,0,121.19,104.06,131.93,94.77,160.77,110.96,144.12,71.412,54.039,100.97,165.05,118.57,144.02,131.25,119.03,86.117,144.18,140.23,85.322,113.45,124.97,165.96,171.46,148.99,150.01,153.28,90.522,123.31,61.591,145.32,118.08,128.39,156.33,99.065,114.8,103.17,106.57,70.619,65.943,167.48,119.48,87.43,152.53,90.041,137.02,71.41,125.37,111.74,123.92,100.56,104.53,61.922,104.13,152.4,107.85,154.63
82.672,96.316,81.816,103.58,173.34,117.5,120.09,142.5,97.565,136.05,123.59,105.46,124.19,124.35,152.12,128.72,97.479,161.23,122.27,89.945,124.43,119.03,165.19,171.75,168.65,136.04,148.35,174.31,115.32,139.36,141.82,149.59,150.77,123.72,105.88,125.76,134.73,113.11,121.19,0,134.5,167.81,147.04,136.89,164.13,98.923,124.82,76.052,155.75,185.25,117.86,194.19,81.734,92.049,181.55,94.521,82.002,146.38,110.63,171.23,91.606,97.094,90.201,129.49,148.21,106.24,108.49,132.65,83.357,163.9,73.323,116.6,141.58,151.24,165.2,61.474,121.31,156.78,85.247,135.12,132.1,104.75,117.27,149.36,88.538,142.36,116.57,116.58,142.59,118.38,80.731,98.252,113.01,113.13,101.75
112.71,77.912,166.54,107.53,125.53,157.34,106.6,122.81,94.938,98.579,132.16,107.31,147.39,148.5,130.15,68.289,134.95,119.39,160.24,174.11,137.07,142.4,148.52,125.53,85.069,139.3,96.817,144.29,111.44,76.502,125.49,167.32,177.06,142.84,106.99,113.75,101.17,89.719,104.06,134.5,0,181.78,167.79,113.75,93.755,122.5,135.79,155.25,102.84,168.12,72.389,100.68,128.43,141.51,54.205,151.63,176.89,149.16,81.828,71.453,148.19,124.87,71.774,170.66,84.303,103.67,51.151,170.2,101.71,117.42,124.1,80.531,100.05,155.08,98.293,121.07,92.299,119.54,65.558,125.95,114.53,139.21,169.14,135.68,142.97,88.092,158.91,137.68,139.44,146.17,113.07,156.03,104.39,125.65,107.2
123.12,100.57,76.305,114.65,111.33,135.47,153.22,155.01,71.7,158.48,145.36,108.18,72.628,92.428,87.071,137.46,129.43,89.327,116.93,106.3,108.95,115.84,107.72,86.63,159.2,127.16,95.962,154.81,118.42,94.761,113.25,137.57,129.23,165.95,128.79,147.72,171.06,127.16,131.93,167.81,181.78,0,87.934,123.78,122.53,103.83,182.32,126.5,142.61,116.94,129.73,142.91,117.39,121.32,89.232,84.832,150.24,120.41,90.718,96.239,113.79,138.63,168.83,123.04,110.17,73.934,92.122,100.4,81.509,76.936,70.081,131.67,101.66,121.64,115.89,132.39,117.65,118.24,117.37,99.351,147.45,132.55,123.96,142.78,130.82,105.58,110.76,132.63,139.18,110.06,80.685,161.73,108.64,129.8,114.5
127.2,57.065,144.6,93.215,129.37,117.98,120.08,179.72,83.586,150.04,139.47,96.847,98.706,134,107.76,173.47,144.86,144.71,173.14,87.932,96.689,93.222,103.54,108.86,107.2,89.079,123.38,143.48,142.73,120.48,78.204,118.71,106.58,76.226,95.078,72.649,134.2,153.72,94.77,147.04,167.79,87.934,0,96.423,113.17,127.82,117.95,139.93,116.05,125.48,89.48,73.525,151.22,68.828,174.16,116.45,145.04,122.43,128.18,120.96,81.968,131.48,110.68,80.148,140.39,170.99,140.56,105.08,110.9,143.22,148.51,109.22,129.83,98.14,124.64,110.54,126.93,126.06,129.11,151.68,69.378,130.21,141.65,146.81,111.43,147.28,79.845,112.18,108.11,105.83,124.96,117.75,146.06,105.34,119.7
113.11,161.73,165.84,125.98,125.93,88.984,122.42,55.759,172.04,136.67,131.61,105.74,88.196,84.382,140.18,129.03,140.71,124.12,118.62,168.34,124.45,72.233,54.68,132.46,153.13,125.65,132.53,126.72,154.83,137.33,158.14,73.93,91.967,150.92,124.25,103.01,149.7,136.17,160.77,136.89,113.75,123.78,96.423,0,123.89,130.35,102.08,141.71,86.579,91.798,115.16,108.45,114.23,85.697,112.77,171.18,152.93,139.9,135.63,138.32,88.157,121.02,133.01,133.87,90.511,114.64,141.89,131.91,125.79,128.01,139.46,103.64,112.8,122.33,96.7,118.93,142.37,143.55,150.84,148.27,95.695,90.706,93.29,153.63,125.2,121.31,89.54,163.22,125.48,126.27,96.286,47.576,70.477,174.53,89.99
107.8,77.29,113.58,127.17,93.158,103.55,106.97,132.18,133.38,132.71,120.39,114.38,102.89,173.18,133.91,88.982,171.95,102.68,114.68,122.65,148.83,138.46,145.37,135.52,147,97.656,158.1,183.11,139.19,100.86,110.23,172.71,102.21,63.313,146.69,163.5,141.46,139.78,110.96,164.13,93.755,122.53,113.17,123.89,0,142.19,93.664,102.3,167.91,119.8,102.89,121.29,170.74,119.82,96.534,93.094,91.566,101.8,146.18,137.7,167.22,154.81,132.29,132.36,156.59,68.777,103.82,103.04,127.04,86.306,93.06,100.01,168.64,87.695,145,179.39,124.4,107.22,121.65,95.128,151.24,162.95,88.969,136.13,114.52,100.61,101.83,122.52,129.34,91.046,172.36,78.634,112.67,116.37,117.5
106.19,133.77,151.86,94.659,129.66,119.25,89.836,89.619,53.033,96.134,152.5,132.97,45.838,153.82,86.081,140.5,153.69,108.68,119.77,111.6,154.16,118.41,160.84,132.84,138.31,149.13,176.48,77.222,155.71,117.26,149.38,116.11,124.99,81.695,127.59,90.362,117.13,133.26,144.12,98.923,122.5,103.83,127.82,130.35,142.19,0,133.21,115.01,175.85,148.48,132.41,151.45,120.27,179.49,121.73,165.43,144.74,127.32,119.94,132.85,140.4,66.475,146.72,83.074,169.73,126.33,103.85,163.99,79.919,160.84,102.25,107.32,152.48,90.867,130.29,154.84,113.93,131.58,137.84,97.522,139.26,169.59,125.18,158.76,110.84,84.485,120.95,128.55,91.953,89.808,101.92,165.42,121.83,184.16,137.55
147.76,96.226,137.31,137.35,141.99,192.12,110.96,117.82,119.59,124.5,97.146,115.92,118.21,129.23,112.84,138.93,84.72,101.71,76.413,68.2,91.78,163.48,64.997,131.73,101.46,118.2,142.83,106.98,116.68,133.61,156.7,110.86,105.85,163.14,147.22,143.19,117.94,80.784,71.412,124.82,135.79,182.32,117.95,102.08,93.664,133.21,0,141.46,128.13,113.28,137,106.2,104.15,99.157,121.1,95.601,69.84,108.83,142.88,103.85,118.51,96.158,106.12,126.11,96.375,145.58,147.54,161.23,157.28,128.96,81.508,98.167,131.67,58.43,117.73,110.3,131.78,105.36,127.91,115.2,129.48,125.93,138.43,158.1,156.1,110.06,89.905,175.5,69.908,104.27,115.85,124.46,127.32,89.928,109.89
150.1,124.93,133.09,134.39,97.404,118.04,101.58,144.12,116.89,125.88,131.54,148.39,78.589,125.84,86.397,158.04,76.718,131.49,107.93,71.189,133.23,102.32,144.82,115.9,72.6,132.3,114.84,120.38,89.995,120.71,150.23,66.821,163.35,114.14,75.492,113.96,116.24,108.54,54.039,76.052,155.25,126.5,139.93,141.71,102.3,115.01,141.46,0,134.83,127.8,108.67,72.028,129.18,59.268,139.07,130.43,122.34,133.79,107.06,144.36,85.712,168.24,117.35,106.33,122.11,60.018,97.826,118.31,135.94,94.445,78.047,173.89,96.735,157.78,131.63,163.37,117.01,124.4,80.105,114.94,116.48,107.94,139.31,91.481,106.06,151.58,161.4,121.86,121.95,158.36,100.45,90.336,174.21,67.825,85.557
97.702,116.89,136.03,94.84,143.12,125.6,112.99,109.86,72.432,144.98,106.67,153.64,83.951,136.05,86.004,121,129.42,80.126,98.197,129.01,125.78,103.63,77.733,140.93,99.029,122.93,110.88,138.73,81.514,72.964,98.138,147.07,145.06,128.79,152.44,156.09,105.18,132.49,100.97,155.75,102.84,142.61,116.05,86.579,167.91,175.85,128.13,134.83,0,111.79,120.55,158.58,76.836,150.57,84.885,103.71,117.36,66.657,112.67,171.98,90.558,116.62,117.94,92.986,85.267,141.98,94.38,70.332,132.64,146.5,139.09,104.98,123.9,45.234,166.7,101.89,134.66,168.25,158.28,128.97,93.423,153.46,103.25,144.76,89.045,111.7,139.96,110.87,121.82,98.374,101.36,85.026,114.63,137.27,154.24
133.87,76.96,154.32,92.657,160.51,109.72,129.52,125.82,112.67,97.835,159.21,104.51,142.19,182.46,85.977,146.87,78.594,118,120.92,91.863,123.83,126.97,123.74,128.06,107.89,83.63,114.73,100.23,90.707,87.929,183.39,110.7,130.37,100.1,147.78,141.45,143.12,102.88,165.05,185.25,168.12,116.94,125.48,91.798,119.8,148.48,113.28,127.8,111.79,0,88.06,129.59,124.24,140.12,78.753,80.362,120.49,116.1,99.617,74.317,100.5,140.84,91.989,85.015,127.97,122.26,148.59,74.125,109.56,129.4,95.356,103.35,84.64,133.71,107.29,132.37,151.01,119.77,95.224,154.94,152.5,83.003,149.37,141.89,94.194,75.44,72.523,111,99.505,147.17,99.484,130.68,110.75,105.19,114.54
134.92,66.243,113.11,145.88,111.08,113.83,109.26,141.24,98.258,141.67,172.1,119.18,101.74,119.97,123.84,87.398,152.34,194.57,140.31,143.08,124.95,97.637,141.87,69.974,150.82,147.77,168.76,172.09,99.008,159.5,194.9,92.847,121.92,143.4,79.729,88.608,131.88,55.304,118.57,117.86,72.389,129.73,89.48,115.16,102.89,132.41,137,108.67,120.55,88.06,0,95.41,135.92,111.95,155.72,137.5,74.617,114.96,92.064,77.208,93.266,94.33,167.18,106.13,127.78,94.444,147.78,152.19,137.08,70.096,154.67,112.89,100.09,84.919,95.081,173.78,91.587,119.45,146.28,63.83,161.86,153.54,67.176,110.95,110.52,110.29,115.28,153.54,99.722,135.99,160.55,111.73,94.063,91.393,139.6
101.44,137.78,137.37,143.89,124.62,89.378,155.33,111.94,105.09,99.433,150.57,124.99,150.75,94.145,118.09,71.589,169.5,111.31,95.364,155.4,145.06,101.85,119.8,104.78,89.364,137.68,113.35,120.64,104.31,78.354,112.27,92.274,141.1,142.31,133.83,111.04,180.12,148.28,144.02,194.19,100.68,142.91,73.525,108.45,121.29,151.45,106.2,72.028,158.58,129.59,95.41,0,81.711,127.65,137.34,117.5,135.95,124.83,94.016,95.864,98.233,110.88,113.96,68.311,118.24,128.88,126.12,113.22,139.16,112.74,142.31,83.163,81.233,119.11,129.27,142.68,136.08,159.07,128.69,123.85,129.54,118.09,77.141,107.12,119.71,144.7,118,165.96,129.01,175.44,99.352,100.41,96.939,90.442,68.115
98.461,110.85,121.52,94.02,107.36,119.66,87.195,130.74,109.32,107.19,49.573,172.77,133.13,81.261,118.39,92.016,93.325,71.602,114.75,82.501,121.99,152.87,150.62,89.658,108.61,122.26,149.2,155.82,128.86,111.95,86.945,88.579,133.37,117.51,168.12,88.098,103.27,130.88,131.25,81.734,128.43,117.39,151.22,114.23,170.74,120.27,104.15,129.18,76.836,124.24,135.92,81.711,0,176.33,83.767,145.73,107.14,148.53,131.87,112.14,108.49,147.49,156.13,139.14,120.41,168.93,141.63,103.48,135.37,123.61,107.89,77.891,140.85,182.14,59.267,138.07,109.57,145.83,137.37,134.95,154.94,159.92,82.311,68.774,119.83,87.947,117.13,132.85,132.84,161.24,132.8,113.88,93.747,107.15,114.33
86.945,62.749,97.087,140.48,100.45,98.123,130.33,89.682,85.536,110.17,105.59,95.879,99.426,51.05,153.55,132.98,79.91,126.46,166.18,101.22,111.64,138.08,116.19,131.93,124.3,133.06,128.24,83.731,116.78,95.501,137.11,91.158,153.77,51.26,149.42,145.75,131.46,129.43,119.03,92.049,141.51,121.32,68.828,85.697,119.82,179.49,99.157,59.268,150.57,140.12,111.95,127.65,176.33,0,113.77,109.49,150.07,133.34,161.87,71.359,129.86,112.55,153.23,121.17,134.92,60.811,115.74,74.675,124.5,157.71,85.313,66.977,91.87,100,156.84,119.12,145.13,120.98,143.05,145.78,144.32,90.164,131.88,133.32,75.225,119.67,56.899,104.7,78.204,156.23,75.044,162.45,117.17,119.06,96.575
130.34,92.579,87.661,118.03,150.43,140.76,127.28,148.76,146.82,106.28,121.33,88.147,131.33,176.17,115.62,124.13,117.11,110.09,130.84,87.608,150.15,64.222,84.429,122.92,133.3,151.82,137.88,148.25,94.186,112.22,125.88,143.54,87.137,86.41,144.21,134.95,141.66,130.68,86.117,181.55,54.205,89.232,174.16,112.77,96.534,121.73,121.1,139.07,84.885,78.753,155.72,137.34,83.767,113.77,0,92.428,108.44,104.25,102.64,120.16,155.12,119.84,106.93,105.61,162.01,165.62,169.96,102.97,92.305,108.99,134.43,131.52,125.76,99.796,112.4,144.81,132.61,136.78,116.55,132.75,127.18,154.13,103.65,187.14,132.95,139.22,91.081,153.99,103.14,91.306,144.42,76.606,122.75,87.522,103.97
143.17,135.68,95.737,81.33,63.478,113.27,140.71,123.21,149.63,80.733,120.34,133.91,122.54,149.39,93.796,53.406,132.5,116.52,123.03,104.75,109.08,103.36,117.93,84.15,157.36,111.45,150.29,121.74,130.44,106.26,138.84,115.43,92.904,79.865,145.12,136.61,125.87,128.75,144.18,94.521,151.63,84.832,116.45,171.18,93.094,165.43,95.601,130.43,103.71,80.362,137.5,117.5,145.73,109.49,92.428,0,120.79,128.68,94.142,108.28,43.955,150.58,100.85,76.528,64.036,163.76,92.821,118.23,98.471,98.27,86.281,145.56,158.14,155.65,105.81,111.18,139.46,77.247,103.09,128.88,154.6,93.143,126.06,132.68,87.407,150.19,114.25,129.59,104.25,82.584,58.646,130.01,192.47,87.695,117.89
150.18,129.83,110.31,119.14,107.55,112.09,158.82,70.554,100.26,113,174.81,141.13,111.72,146.51,89.027,122,96.666,74.459,113.4,158.97,98.367,146.88,83.393,119.51,172.77,80.843,123.51,148.65,147.79,110.5,137.89,131.46,132.42,157.86,167.3,138.21,71.773,134.42,140.23,82.002,176.89,150.24,145.04,152.93,91.566,144.74,69.84,122.34,117.36,120.49,74.617,135.95,107.14,150.07,108.44,120.79,0,134.1,110.1,137.7,168.39,91.899,114.91,163.98,94.441,166.92,96.804,106.58,135.87,68.345,118.84,106.94,145.31,136.5,124.21,109.19,79.264,157.68,98.321,108.95,89.231,92.424,86.656,77.313,125.34,66.969,130.32,138.31,73.767,148.67,86.987,94.034,112.64,180.17,142.88
81.078,108.99,103.89,111.17,169.13,71.494,76.302,127.63,151.46,102.99,106.33,98.012,161.05,151.54,46.278,132.51,86.752,117.8,98.435,146.45,107.72,75.009,64.194,106.37,91.671,114.08,98.174,88.424,125.79,139.3,138.47,116.93,112.36,113.49,85.252,91.368,166.01,106.14,85.322,146.38,149.16,120.41,122.43,139.9,101.8,127.32,108.83,133.79,66.657,116.1,114.96,124.83,148.53,133.34,104.25,128.68,134.1,0,135.5,160.92,107.72,108.66,101.07,169.25,137.5,114.87,89.595,150.7,144.36,134.07,134.49,121.78,171.17,153.45,130.28,83.721,136.95,126.63,139.91,152.03,167.64,145.67,89.923,95.639,126.53,149.43,95.736,92.115,152.32,136.2,150.67,147.41,65.882,133.84,108.43
72.244,131.17,75.632,76.356,163.8,100.95,151.94,148.6,136.87,117.5,138.79,95.395,112.72,129.41,177.19,131.69,119.45,123.94,65.256,115.64,109.35,149.26,129.36,119.66,97.7,87.839,94.698,80.868,112.05,177.99,87.551,121.16,160.02,133.02,125.92,100.83,138.51,132.19,113.45,110.63,81.828,90.718,128.18,135.63,146.18,119.94,142.88,107.06,112.67,99.617,92.064,94.016,131.87,161.87,102.64,94.142,110.1,135.5,0,62.089,86.657,121.27,96.208,121.26,132.92,164.76,131.22,119.15,126.86,136.3,114.99,98.856,131.82,104.55,132.71,72.432,127.39,133.02,102.29,83.065,120.21,114.43,124.02,85.982,99.478,151.47,96.902,94.959,128.7,148.28,98.635,144.17,138.45,111.85,117.21
108.63,61.663,100.41,188.33,110.79,152.21,125.5,123.68,135.11,149.71,150.44,127.02,105.32,93.794,99.714,107.77,169.61,91.903,123.7,95.056,129.71,123.34,120.78,148.72,124.2,129.86,95.058,88.093,150.12,85.952,132.05,71.278,104.97,142.02,85.425,107.46,115.77,168.18,124.97,171.23,71.453,96.239,120.96,138.32,137.7,132.85,103.85,144.36,171.98,74.317,77.208,95.864,112.14,71.359,120.16,108.28,137.7,160.92,62.089,0,164.11,143.81,142.33,106.52,99.751,108.42,97.527,112.45,91.859,129.57,156.75,94.8,102.42,75.82,123.35,96.408,116.4,165.79,129.25,144.51,145.23,140.84,68.402,73.066,139.25,120.34,116.52,97.834,133.26,95.232,101.13,120.73,81.729,84.806,174.77
126.08,128.33,127.13,120.55,185.85,106.23,129.43,113.87,126.52,144.21,145.9,150.7,138.04,113.81,139.95,89.923,114.93,108.68,97.703,151.91,156.74,127.95,120.84,123.67,180.08,95.991,117.2,136.6,177.35,111.95,159.82,150.67,92.484,93.793,101.04,128.5,131.74,78.707,165.96,91.606,148.19,113.79,81.968,88.157,167.22,140.4,118.51,85.712,90.558,100.5,93.266,98.233,108.49,129.86,155.12,43.955,168.39,107.72,86.657,164.11,0,110.65,109.02,169.94,125.54,164.29,106.73,119.73,111.46,159.13,152.05,115.06,90.58,86.034,168.19,155.84,115.84,127.16,125.31,68.251,149.95,129.45,130.46,102.14,135.44,115.63,140.89,111.91,138.51,106.57,98.897,102.65,115.47,69.493,130.97
132.88,103.33,111.12,124.28,132.23,133.67,136.92,123.94,103.2,160.56,107.31,87.65,67.682,101.76,161.45,95.136,77.695,74.56,96.923,149.76,86.389,112.37,95.817,124.05,165.15,105.75,136.1,85.618,82.459,82.31,165.53,136.7,110.86,127.14,112.51,103.27,151.14,117.29,171.46,97.094,124.87,138.63,131.48,121.02,154.81,66.475,96.158,168.24,116.62,140.84,94.33,110.88,147.49,112.55,119.84,150.58,91.899,108.66,121.27,143.81,110.65,0,86.126,97.827,78.537,108.05,94.909,111.52,138.6,103.74,96.054,148.98,163.88,78.951,55.044,103.45,73.757,132.4,119.8,97.972,120.63,158.71,130.59,88.755,111.6,117.61,97.901,86.796,82.916,109.8,113.14,126.09,102.85,74.224,140.45
120.66,149.4,146.45,125.14,114.39,93.895,136.89,146.34,135.26,146.15,127.61,126.54,127.6,118.37,136.31,74.494,137.25,176.98,151.59,80.343,94.388,94.32,84.378,100.11,168.86,101.95,115.69,70.632,101.13,158.75,110.04,131.19,96.797,156.71,107.44,89.191,123.62,95.142,148.99,90.201,71.774,168.83,110.68,133.01,132.29,146.72,106.12,117.35,117.94,91.989,167.18,113.96,156.13,153.23,106.93,100.85,114.91,101.07,96.208,142.33,109.02,86.126,0,134.47,127.71,96.267,130.78,118.43,160.05,143.47,133.13,134.51,153.24,103.71,92.521,101.32,152.84,119.97,81.831,133.79,83.522,125.37,125.39,110.81,85.421,115.51,159.59,107.09,126.84,138.72,106.46,141.62,123.04,148.8,118.57
120.52,119.72,97.468,128.14,110.42,105.79,173.14,116.93,139.19,169.5,108.15,180.93,133.79,137.68,177.39,113.68,124.65,129.68,141.95,92.285,118.67,117.53,158.95,118.3,101.76,152.22,168.62,108.75,71.913,132.92,155.08,95.998,131.13,112.21,146.32,85.041,139.83,131.39,150.01,129.49,170.66,123.04,80.148,133.87,132.36,83.074,126.11,106.33,92.986,85.015,106.13,68.311,139.14,121.17,105.61,76.528,163.98,169.25,121.26,106.52,169.94,97.827,134.47,0,103.65,141.88,71.854,84.933,68.997,132.24,130.48,85.72,140.02,71.22,125.06,124.96,111.52,154.36,113.27,123.02,130.44,149.51,145.76,95.433,90.904,138.28,104.64,133.09,173.2,86.835,132.83,141.24,116.56,137.88,149
158.71,152.61,68.461,109.15,150.74,108.04,105.8,163.19,191.69,182.98,158.77,69.056,106.14,106.87,134.11,133.7,98.772,91.784,134.11,134.03,101.23,121.3,153.11,103.78,106.61,89.316,133.26,101.34,173.35,126.51,117.66,135.42,109.07,138.42,115.35,59.393,112.71,132.81,153.28,148.21,84.303,110.17,140.39,90.511,156.59,169.73,96.375,122.11,85.267,127.97,127.78,118.24,120.41,134.92,162.01,64.036,94.441,137.5,132.92,99.751,125.54,78.537,127.71,103.65,0,110.05,176.05,142.92,132.92,111.03,127.66,97.438,62.754,131.43,157.49,90.512,51.928,80.967,93.49,156.2,100.58,87.214,113.24,121.65,116.12,138.07,144.87,132.59,100.26,104.96,155.5,159.27,134.19,134.01,164.84
85.944,101.64,178.66,133.38,135.25,135.88,134.55,105.63,134.87,165.06,125.49,107.72,141.16,91.118,159.06,122.54,128.67,106.01,142.92,73.626,162.34,92.868,65.751,107.08,124.13,90.689,105.41,117.43,118.28,143.59,109.36,163.66,119.82,99.826,133.68,130.51,119.57,136.33,90.522,106.24,103.67,73.934,170.99,114.64,68.777,126.33,145.58,60.018,141.98,122.26,94.444,128.88,168.93,60.811,165.62,163.76,166.92,114.87,164.76,108.42,164.29,108.05,96.267,141.88,110.05,0,103.87,114.28,99.176,150.31,69.291,102.67,147.24,135.5,129.2,123.52,107.87,156.68,54.556,136.77,88.099,62.48,173.04,135.31,124.3,140.92,123.87,139.78,105.36,170.25,106.99,71.331,94.287,151.62,94.609
129.86,97.35,118.59,132.59,155.01,143.16,116.85,114.39,98.033,130.17,133.67,95.836,64.294,111.68,105.62,108.76,137.82,148.68,143.88,93.016,161.49,83.186,123.2,145.53,124.78,110.59,124.47,136.07,67.382,121.53,113.36,124.26,153.77,71.185,149.36,72.079,135.83,108.67,123.31,108.49,51.151,92.122,140.56,141.89,103.82,103.85,147.54,97.826,94.38,148.59,147.78,126.12,141.63,115.74,169.96,92.821,96.804,89.595,131.22,97.527,106.73,94.909,130.78,71.854,176.05,103.87,0,104.62,104.26,108.11,98.565,124.43,100.18,94.647,112.31,85.32,97.471,146.77,142.49,152.13,107.57,138.97,115.12,150.75,113.31,91.779,166.54,72.725,94.671,110.59,130.55,130.29,131.9,127.4,131.11
158.98,115.21,67.933,163.36,66.518,91.993,117.03,88.874,149.6,124.73,127.02,145.73,146.84,159.25,141.1,142.97,129.12,149.6,110.98,129.47,168.96,66.649,121.88,157.08,65.864,149.95,100.31,129.41,127.75,88.005,155.52,135.62,134.2,111.21,93.191,95.621,116.36,142.27,61.591,132.65,170.2,100.4,105.08,131.91,103.04,163.99,161.23,118.31,70.332,74.125,152.19,113.22,103.48,74.675,102.97,118.23,106.58,150.7,119.15,112.45,119.73,111.52,118.43,84.933,142.92,114.28,104.62,0,174.08,126.46,99.03,149.75,128.82,104.62,88.304,103.45,127.63,139.05,169.03,93.502,137.77,125.67,153.12,77.279,151.39,107.89,134.54,122.3,88.057,109.05,134,181.44,108.98,125.32,82.323
112.39,128.44,122.84,115.16,57.861,136.43,150.85,106.5,119.5,80.997,111.65,116.11,156.83,72.152,103.14,94.26,128.56,94.733,118.67,149.14,137.57,92.849,137.69,154.28,111.48,127.6,94.029,146.02,141.78,163.54,136.38,139.62,150.12,142.7,142.19,171.38,167.65,69.872,145.32,83.357,101.71,81.509,110.9,125.79,127.04,79.919,157.28,135.94,132.64,109.56,137.08,139.16,135.37,124.5,92.305,98.471,135.87,144.36,126.86,91.859,111.46,138.6,160.05,68.997,132.92,99.176,104.26,174.08,0,115.7,85.572,115.83,123.21,86.443,92.048,103.9,107.88,110.67,115.41,115.77,75.507,109.14,110.77,115.39,126.05,125.94,158.93,147.73,132.89,164.26,87.592,135.25,142.99,116.71,99.645
154.67,130.39,168.94,140.05,92.582,121.03,135.79,127.95,154.07,106.85,156.01,157.69,103.9,144.22,130.42,117.65,137.73,117.6,115.37,84.136,96.889,100.24,97.377,157.03,130.57,108.7,110.04,122.83,116.19,94.14,80.46,120.13,83.599,114.73,159.48,151.2,162.74,146.96,118.08,163.9,117.42,76.936,143.22,128.01,86.306,160.84,128.96,94.445,146.5,129.4,70.096,112.74,123.61,157.71,108.99,98.27,68.345,134.07,136.3,129.57,159.13,103.74,143.47,132.24,111.03,150.31,108.11,126.46,115.7,0,155.63,57.071,151.1,105.54,155.62,134.37,111.03,123.79,80.36,135.89,154.67,99.313,161.27,110.07,146.92,127.64,116.45,142.9,136.53,114.55,94.953,147.72,50.15,87.554,88.9
133.86,131.19,158.76,124.37,121.32,157.89,71.834,106.42,122.38,98.433,105.76,181.04,115.63,99.742,135.02,95.22,139.09,102.22,117.25,118.44,103.37,145.72,128.87,144.44,105.92,91.899,119.15,95.14,143.96,112.55,132.06,163.29,92.87,104.28,94.625,138.84,100.4,155.61,128.39,73.323,124.1,70.081,148.51,139.46,93.06,102.25,81.508,78.047,139.09,95.356,154.67,142.31,107.89,85.313,134.43,86.281,118.84,134.49,114.99,156.75,152.05,96.054,133.13,130.48,127.66,69.291,98.565,99.03,85.572,155.63,0,144.87,147.36,102.6,94.656,108.73,143.78,129.83,89.405,104.71,160.79,170.52,173.37,145.98,153.62,162.19,73.995,113.52,153.34,99.012,89.733,95.323,138.9,140.53,139.53
143.53,74.72,89.479,86.208,92.236,133.27,131.25,99.134,120.82,139.49,147.25,117.9,138.7,139.58,130.16,100.33,133.21,101.51,138.18,82.832,93.36,109.38,142.15,133.73,114.01,119.27,79.671,142.86,189.76,106.25,130.32,96.67,109.56,114.74,104.56,147.4,146.16,68.15,156.33,116.6,80.531,131.67,109.22,103.64,100.01,107.32,98.167,173.89,104.98,103.35,112.89,83.163,77.891,66.977,131.52,145.56,106.94,121.78,98.856,94.8,115.06,148.98,134.51,85.72,97.438,102.67,124.43,149.75,115.83,57.071,144.87,0,82.793,118.28,65.532,128.36,109.57,177.86,117.32,99.01,152.9,160.75,113.92,97.604,132.59,146.88,86.677,172.36,122.27,140.51,144.63,78.263,182.58,106.17,136.46
132.26,104.04,115.88,132.18,121.28,103.76,100.25,110.99,120.74,149.56,79.643,126.49,116.77,82.619,99.186,110.68,152.22,140.66,125.69,142.93,100.88,95.62,98.01,132.84,143.54,147.6,127.72,122.57,124.37,96.189,177.57,112.94,147.57,150.52,112.93,126.62,124.98,97.774,99.065,141.58,100.05,101.66,129.83,112.8,168.64,152.48,131.67,96.735,123.9,84.64,100.09,81.233,140.85,91.87,125.76,158.14,145.31,171.17,131.82,102.42,90.58,163.88,153.24,140.02,62.754,147.24,100.18,128.82,123.21,151.1,147.36,82.793,0,126.12,103.7,124.84,138.42,108.72,77.383,135.02,143.3,102.84,155.25,159.5,129.35,126.81,151.94,73.709,64.248,151.39,86.632,132.74,105.28,134.9,103.81
110.8,147.6,95.701,123.17,113.92,149.27,135.72,124.98,167.71,171.34,91.5,111.27,114.91,101.66,118.22,77.469,107.94,80.942,98.754,86.632,131.64,51.775,137.78,89.274,124.54,168.73,170.65,113.83,79.344,127.79,124.31,100.84,157.15,160.23,135.62,134.49,74.273,101.87,114.8,151.24,155.08,121.64,98.14,122.33,87.695,90.867,58.43,157.78,45.234,133.71,84.919,119.11,182.14,100,99.796,155.65,136.5,153.45,104.55,75.82,86.034,78.951,103.71,71.22,131.43,135.5,94.647,104.62,86.443,105.54,102.6,118.28,126.12,0,188.17,128.99,125.13,116.78,139.3,149.56,155.88,76.305,110.61,78.77,138,135.37,76.811,87.229,123.19,73.163,102.38,124.36,151.72,67.887,122.04
144.11,100.81,94.051,103.75,109.49,146.18,113.42,118.87,118.7,100.94,125.6,97.968,148.92,64.224,119.2,148.46,125.03,92.745,137.47,118.5,136.95,88.622,154.15,80.35,96.489,109.23,140.89,78.636,118.9,92.168,131.2,164.05,107.57,112.18,115.24,76.988,132.18,82.528,103.17,165.2,98.293,115.89,124.64,96.7,145,130.29,117.73,131.63,166.7,107.29,95.081,129.27,59.267,156.84,112.4,105.81,124.21,130.28,132.71,123.35,168.19,55.044,92.521,125.06,157.49,129.2,112.31,88.304,92.048,155.62,94.656,65.532,103.7,188.17,0,128.14,116.39,127.44,120.89,111.15,118.52,92.177,151.48,145.47,126.71,116.01,125.1,109.04,116.87,122.98,139.71,132.65,178.49,77.308,155.77
102.95,113.34,93.528,122.75,148.77,157.41,141.7,120.74,128.35,140.64,118.28,140.49,104.44,127.35,167.12,105.87,131.31,115.66,91.565,127.39,101.57,166.92,171.34,133.27,162.44,171.31,109.73,115.44,150.65,103.09,110.74,82.77,124.76,145.08,50.273,107.17,121.21,99.364,106.57,61.474,121.07,132.39,110.54,118.93,179.39,154.84,110.3,163.37,101.89,132.37,173.78,142.68,138.07,119.12,144.81,111.18,109.19,83.721,72.432,96.408,155.84,103.45,101.32,124.96,90.512,123.52,85.32,103.45,103.9,134.37,108.73,128.36,124.84,128.99,128.14,0,95.365,101.77,145.17,133.31,151.14,152.39,107.82,77.552,140.24,86.025,91.148,102.85,48.297,146.74,132.17,102.23,128.95,61.283,146.92
112.41,91.432,154.16,104.2,149.03,103.82,89.821,91.414,127.78,118.97,173.09,159.58,140.74,98.423,136.2,127.1,133.24,128.5,119.96,111.67,99.82,89.398,128.73,95.477,124.61,104.54,120.94,99.22,96.278,116.14,61.998,98.585,149.26,73.02,140.28,152.04,133.81,108.73,70.619,121.31,92.299,117.65,126.93,142.37,124.4,113.93,131.78,117.01,134.66,151.01,91.587,136.08,109.57,145.13,132.61,139.46,79.264,136.95,127.39,116.4,115.84,73.757,152.84,111.52,51.928,107.87,97.471,127.63,107.88,111.03,143.78,109.57,138.42,125.13,116.39,95.365,0,115.62,136.13,132.31,114.88,123.62,120.52,133.15,75.087,109.56,110.11,88.123,109.46,87.149,133.09,157.26,151.91,111.07,111.52
168.34,137.68,108.09,127.84,152.4,99.535,152.25,94.931,98.674,108.4,124.77,81.579,132.89,121.66,64.242,116.26,88.485,92.191,144.49,96.985,118.66,111.06,116.96,110.5,144.88,157.15,176.39,144.66,99.456,147.27,141.76,197.31,124.89,153.38,94.316,105.28,147.3,90.959,65.943,156.78,119.54,118.24,126.06,143.55,107.22,131.58,105.36,124.4,168.25,119.77,119.45,159.07,145.83,120.98,136.78,77.247,157.68,126.63,133.02,165.79,127.16,132.4,119.97,154.36,80.967,156.68,146.77,139.05,110.67,123.79,129.83,177.86,108.72,116.78,127.44,101.77,115.62,0,78.625,123.89,89.626,71.354,109.59,134.76,138.55,83.79,89.381,140.14,140.85,101.94,96.038,108.34,154.55,61.629,116.05
113.32,111.44,153.04,106.15,91.234,126.8,164,69.709,105.95,141.13,124.12,122.98,87.694,162.47,119.5,120.24,52.49,99.576,117.87,137.69,115.1,96.857,171.41,119.37,190.99,122.62,155.67,95.965,126.02,141.95,132.7,126.78,88.622,104.33,134.14,104.9,149.91,84.8,167.48,85.247,65.558,117.37,129.11,150.84,121.65,137.84,127.91,80.105,158.28,95.224,146.28,128.69,137.37,143.05,116.55,103.09,98.321,139.91,102.29,129.25,125.31,119.8,81.831,113.27,93.49,54.556,142.49,169.03,115.41,80.36,89.405,117.32,77.383,139.3,120.89,145.17,136.13,78.625,0,98.721,149.72,91.985,126.24,153.79,150.99,149.35,163.78,137.79,146.74,141.35,128.27,137.28,125.53,91.573,110.2
101.22,139.79,126.29,92.805,81.385,118.08,123.03,110.87,175.45,111.91,79.742,71.31,71.123,151.37,122.92,90.004,99.359,169.8,115.6,109.88,133.53,99.619,104.46,99.627,122.07,135.24,128.98,114.3,122.64,130.75,154.32,112.85,122.21,97.758,70.757,130.38,102,123.79,119.48,135.12,125.95,99.351,151.68,148.27,95.128,97.522,115.2,114.94,128.97,154.94,63.83,123.85,134.95,145.78,132.75,128.88,108.95,152.03,83.065,144.51,68.251,97.972,133.79,123.02,156.2,136.77,152.13,93.502,115.77,135.89,104.71,99.01,135.02,149.56,111.15,133.31,132.31,123.89,98.721,0,84.648,166.23,127.92,132.91,151.56,117.31,117.92,154.96,72.475,116.33,83.321,158.82,109.51,138.48,115.45
94.648,137.9,177.3,107.01,144.51,98.21,151.35,118.64,141.78,124.47,124.91,145.8,148.75,161.38,107.48,112.29,139.74,108.3,111.4,112.3,88.114,195.62,129.52,101.04,103.94,133,125.31,115.77,125.24,117.55,101.96,140.18,98.175,144.9,109.79,139.41,115.67,153.16,87.43,132.1,114.53,147.45,69.378,95.695,151.24,139.26,129.48,116.48,93.423,152.5,161.86,129.54,154.94,144.32,127.18,154.6,89.231,167.64,120.21,145.23,149.95,120.63,83.522,130.44,100.58,88.099,107.57,137.77,75.507,154.67,160.79,152.9,143.3,155.88,118.52,151.14,114.88,89.626,149.72,84.648,0,116.24,71.347,129.35,101.4,150.84,49.524,117.89,88.707,118.52,93.236,114.47,95.395,101.02,149.45
128.48,107.42,148.04,104.51,77.893,144.03,70.616,94.924,183.83,115.34,169.7,94.737,150.18,93.091,87.776,104.81,155.35,181.45,110.32,96.493,121.18,170.09,112.63,119.09,101.77,150.3,138.07,62.628,148.82,154.81,98.98,130.27,76.444,139.83,73.473,81.894,118.82,101.53,152.53,104.75,139.21,132.55,130.21,90.706,162.95,169.59,125.93,107.94,153.46,83.003,153.54,118.09,159.92,90.164,154.13,93.143,92.424,145.67,114.43,140.84,129.45,158.71,125.37,149.51,87.214,62.48,138.97,125.67,109.14,99.313,170.52,160.75,102.84,76.305,92.177,152.39,123.62,71.354,91.985,166.23,116.24,0,143.12,131.2,129.71,127.33,139.31,125.66,120.71,168.29,112.74,93.05,151.87,126.56,65.956
122.67,77.578,112.15,112.27,174.1,100.21,173.66,110.61,124.96,154.17,166.37,152.52,132.47,62.663,136.45,144.24,178.35,107.81,70.151,143.5,116.32,120.99,71.761,90.489,76.316,131.88,126.51,122.33,99.622,115.87,144.33,138.89,133.22,112.58,192.33,89.325,83.157,125.64,90.041,117.27,169.14,123.96,141.65,93.29,88.969,125.18,138.43,139.31,103.25,149.37,67.176,77.141,82.311,131.88,103.65,126.06,86.656,89.923,124.02,68.402,130.46,130.59,125.39,145.76,113.24,173.04,115.12,153.12,110.77,161.27,173.37,113.92,155.25,110.61,151.48,107.82,120.52,109.59,126.24,127.92,71.347,143.12,0,98.908,121.1,137.82,130.07,108.24,172.97,168.48,131.89,137.57,117.72,88.359,89.85
99.512,139.29,134.3,94.231,124.52,82.95,92.402,109.22,150.75,119.65,88.872,148.2,127.16,147.52,151.62,77.313,148.68,158.3,100.65,140.85,68.021,64.565,110.85,76.452,138.32,169.47,89.987,126.63,147.09,134.28,135.15,104.3,162.56,148.63,106.93,141.86,67.306,97.989,137.02,149.36,135.68,142.78,146.81,153.63,136.13,158.76,158.1,91.481,144.76,141.89,110.95,107.12,68.774,133.32,187.14,132.68,77.313,95.639,85.982,73.066,102.14,88.755,110.81,95.433,121.65,135.31,150.75,77.279,115.39,110.07,145.98,97.604,159.5,78.77,145.47,77.552,133.15,134.76,153.79,132.91,129.35,131.2,98.908,0,122.67,104.45,118.72,143.07,61.076,84.955,79.877,128.68,99.76,95.332,84.11
121.01,151.56,100.71,105.77,103.12,107.06,118.44,140.05,100.38,105.27,131.99,122.23,151.49,87.772,112.31,131.02,118.18,140.92,140.4,89.828,152.85,187.15,110.47,60.466,121.8,164.33,182.16,147.97,149.88,129.19,80.279,123.37,124.75,78.466,92.452,116.02,125.42,60.174,71.41,88.538,142.97,130.82,111.43,125.2,114.52,110.84,156.1,106.06,89.045,94.194,110.52,119.71,119.83,75.225,132.95,87.407,125.34,126.53,99.478,139.25,135.44,111.6,85.421,90.904,116.12,124.3,113.31,151.39,126.05,146.92,153.62,132.59,129.35,138,126.71,140.24,75.087,138.55,150.99,151.56,101.4,129.71,121.1,122.67,0,75.001,123.2,111.29,86.477,107.14,144.49,95.761,170.87,130.48,188.02
127.84,75.425,138.02,107.2,98.415,125.41,142.28,74.518,116.23,109.08,94.232,49.943,90.642,83.427,76.69,153.44,110.14,86.372,157.88,108.71,109.07,122.37,93.68,121.17,146.9,111.66,153.07,112.5,84.916,112.08,69.271,59.916,137.34,145.13,136.28,130.44,77.452,150.49,125.37,142.36,88.092,105.58,147.28,121.31,100.61,84.485,110.06,151.58,111.7,75.44,110.29,144.7,87.947,119.67,139.22,150.19,66.969,149.43,151.47,120.34,115.63,117.61,115.51,138.28,138.07,140.92,91.779,107.89,125.94,127.64,162.19,146.88,126.81,135.37,116.01,86.025,109.56,83.79,149.35,117.31,150.84,127.33,137.82,104.45,75.001,0,85.807,126.72,115.69,165.51,68.853,124.13,103.83,89.755,97.077
129.62,117.55,91.186,132.89,117.21,137.14,104.08,112.5,150.03,95.959,165.04,119.64,98.578,128.09,90.593,117.71,144.41,124.33,123.66,121.12,144.53,114.45,130.62,143.02,119.42,97.581,71.702,150.73,62.883,148.54,152.81,112.24,150.02,143.91,146.99,198.24,119.82,125.05,111.74,116.57,158.91,110.76,79.845,89.54,101.83,120.95,89.905,161.4,139.96,72.523,115.28,118,117.13,56.899,91.081,114.25,130.32,95.736,96.902,116.52,140.89,97.901,159.59,104.64,144.87,123.87,166.54,134.54,158.93,116.45,73.995,86.677,151.94,76.811,125.1,91.148,110.11,89.381,163.78,117.92,49.524,139.31,130.07,118.72,123.2,85.807,0,86.088,112.14,142.21,135.03,152.23,113.35,106.52,128.23
127.76,124.74,185.06,163.01,91.056,168.02,121.58,114.48,148.98,95.548,121.65,79.085,104.17,155.01,116.08,167.71,107.21,84.826,121.43,127.8,165.79,185.06,93.006,147.79,128.62,141.9,111.13,69.333,168.99,170.59,120.93,95.828,114.2,119.33,119.82,59.37,143.09,127.25,123.92,116.58,137.68,132.63,112.18,163.22,122.52,128.55,175.5,121.86,110.87,111,153.54,165.96,132.85,104.7,153.99,129.59,138.31,92.115,94.959,97.834,111.91,86.796,107.09,133.09,132.59,139.78,72.725,122.3,147.73,142.9,113.52,172.36,73.709,87.229,109.04,102.85,88.123,140.14,137.79,154.96,117.89,125.66,108.24,143.07,111.29,126.72,86.088,0,141.46,121.28,121.51,103.98,128.86,105.12,135.74
126.9,135.96,90.654,150.83,88.703,137.35,133.63,72.097,119.02,155.83,64.88,108.6,145.64,112,101.13,117.96,83.738,100.32,124.66,160.56,77.582,132.47,81.954,124.36,107.94,54.449,131.93,120.09,133.5,90.408,82.492,104.42,157.65,126.18,131.46,133.13,89.723,127.43,100.56,142.59,139.44,139.18,108.11,125.48,129.34,91.953,69.908,121.95,121.82,99.505,99.722,129.01,132.84,78.204,103.14,104.25,73.767,152.32,128.7,133.26,138.51,82.916,126.84,173.2,100.26,105.36,94.671,88.057,132.89,136.53,153.34,122.27,64.248,123.19,116.87,48.297,109.46,140.85,146.74,72.475,88.707,120.71,172.97,61.076,86.477,115.69,112.14,141.46,0,93.528,146.32,79.619,123.49,96.116,134.9
117.74,153.71,116.76,96.388,121.02,127.92,101.97,120.28,137.27,114.88,96.826,91.073,160.45,135.77,89.982,52.162,151.5,154.89,153.99,121.26,99.54,102.36,153.58,159.76,147.94,155.39,127.98,158.45,123.22,143.85,169.22,132.89,105.19,114.63,111.78,105.26,68.157,143.9,104.53,118.38,146.17,110.06,105.83,126.27,91.046,89.808,104.27,158.36,98.374,147.17,135.99,175.44,161.24,156.23,91.306,82.584,148.67,136.2,148.28,95.232,106.57,109.8,138.72,86.835,104.96,170.25,110.59,109.05,164.26,114.55,99.012,140.51,151.39,73.163,122.98,146.74,87.149,101.94,141.35,116.33,118.52,168.29,168.48,84.955,107.14,165.51,142.21,121.28,93.528,0,58.272,124.37,144.82,122.58,129.89
108.58,119.38,125.42,128.41,125.6,162.86,103.85,136.99,120.34,121.57,148.61,95.788,155.56,57.424,140.48,105.16,64.841,96.341,112.8,106.96,137.88,125.38,78.091,119.9,161.4,78.48,156.44,99.353,98.519,146.72,145.05,133.05,170.74,133.68,111.48,132.28,162.78,80.763,61.922,80.731,113.07,80.685,124.96,96.286,172.36,101.92,115.85,100.45,101.36,99.484,160.55,99.352,132.8,75.044,144.42,58.646,86.987,150.67,98.635,101.13,98.897,113.14,106.46,132.83,155.5,106.99,130.55,134,87.592,94.953,89.733,144.63,86.632,102.38,139.71,132.17,133.09,96.038,128.27,83.321,93.236,112.74,131.89,79.877,144.49,68.853,135.03,121.51,146.32,58.272,0,173.36,101.15,124.26,107.37
92.034,150.13,140.23,104.29,131.36,138.53,157.41,139.51,107.99,124.03,84.715,104.72,153.94,87.261,83.94,162.76,72.639,98.59,99.44,123.1,117.28,158.13,150.24,98.43,80.707,132.19,131.38,105.09,125.11,111.78,84.555,106.97,118.18,142.94,128.16,180.56,117.28,142.19,104.13,98.252,156.03,161.73,117.75,47.576,78.634,165.42,124.46,90.336,85.026,130.68,111.73,100.41,113.88,162.45,76.606,130.01,94.034,147.41,144.17,120.73,102.65,126.09,141.62,141.24,159.27,71.331,130.29,181.44,135.25,147.72,95.323,78.263,132.74,124.36,132.65,102.23,157.26,108.34,137.28,158.82,114.47,93.05,137.57,128.68,95.761,124.13,152.23,103.98,79.619,124.37,173.36,0,99.805,166.87,102.68
104.74,122.08,151.57,117.57,153.1,122.03,156.2,134.87,162.67,114.26,141.77,132.73,106.45,121.2,161.78,133.15,103.42,156.66,125.66,71.239,121.3,131.73,103.56,149.91,166.27,101.68,102.36,95.627,81.119,124.07,162.41,127.12,137.92,129.44,176.74,160.91,73.76,167.71,152.4,113.01,104.39,108.64,146.06,70.477,112.67,121.83,127.32,174.21,114.63,110.75,94.063,96.939,93.747,117.17,122.75,192.47,112.64,65.882,138.45,81.729,115.47,102.85,123.04,116.56,134.19,94.287,131.9,108.98,142.99,50.15,138.9,182.58,105.28,151.72,178.49,128.95,151.91,154.55,125.53,109.51,95.395,151.87,117.72,99.76,170.87,103.83,113.35,128.86,123.49,144.82,101.15,99.805,0,96.847,72.416
85.584,98.989,117.26,111.87,93.968,125.86,111.41,92.309,130.91,142.89,135.71,136.14,126.23,166.48,113.81,112.03,126.11,167.35,114.16,141.21,106.53,75.973,120,107.44,127.4,107,142.9,109.84,80.082,93.639,111.2,88.074,170.92,93.733,116.88,106.38,148,76.57,107.85,113.13,125.65,129.8,105.34,174.53,116.37,184.16,89.928,67.825,137.27,105.19,91.393,90.442,107.15,119.06,87.522,87.695,180.17,133.84,111.85,84.806,69.493,74.224,148.8,137.88,134.01,151.62,127.4,125.32,116.71,87.554,140.53,106.17,134.9,67.887,77.308,61.283,111.07,61.629,91.573,138.48,101.02,126.56,88.359,95.332,130.48,89.755,106.52,105.12,96.116,122.58,124.26,166.87,96.847,0,120.43
143.21,140.97,136.41,107.64,157.28,103.58,96.235,173.11,124.58,118.27,86.507,85.467,72.244,129.19,98.519,85.841,133.55,120.84,117.75,178.21,98.795,108.49,149.06,110.73,94.08,76.877,152.56,96.822,176.1,82.314,123.03,150.45,116.35,113.28,94.817,85.004,121.28,95.331,154.63,101.75,107.2,114.5,119.7,89.99,117.5,137.55,109.89,85.557,154.24,114.54,139.6,68.115,114.33,96.575,103.97,117.89,142.88,108.43,117.21,174.77,130.97,140.45,118.57,149,164.84,94.609,131.11,82.323,99.645,88.9,139.53,136.46,103.81,122.04,155.77,146.92,111.52,116.05,110.2,115.45,149.45,65.956,89.85,84.11,188.02,97.077,128.23,135.74,134.9,129.89,107.37,102.68,72.416,120.43,0
